<?xml version="1.0" encoding="UTF-8"?>
<configuration debug="true">

	<statusListener class="ch.qos.logback.core.status.OnConsoleStatusListener" /> 

	<appender name="CONSOLE" class="ch.qos.logback.core.ConsoleAppender"> 
		<!-- encoders are  by default assigned the type ch.qos.logback.classic.encoder.PatternLayoutEncoder -->
		<encoder>
			<pattern>[%d][%-5p][%thread] \(%class:%line\) - %msg%n</pattern>
		</encoder>
	</appender>	
	
	<appender name="FILE" class="ch.qos.logback.core.rolling.RollingFileAppender">
		<file>./logs/cm.log</file>
		<append>true</append>
		<rollingPolicy class="ch.qos.logback.core.rolling.SizeAndTimeBasedRollingPolicy">
			<!-- daily rollover -->
			<fileNamePattern>cm.%i.%d{yyyy-MM-dd}.log</fileNamePattern>
			<!-- keep 30 days' worth of history capped at 3GB total size -->
			<maxHistory>1</maxHistory>
			<maxFileSize>5MB</maxFileSize>			
		</rollingPolicy>
		<encoder>
			<pattern>[%d][%-5p][%thread] \(%class:%line\) - %msg%n</pattern>
		</encoder>
	</appender> 		
			
	<logger name="eu.sante.cm" level="debug" additivity="false">		
		<appender-ref ref="CONSOLE" />
		<appender-ref ref="FILE" />
	</logger>
	
	<logger name="eu.sante.cm.domain.cache.CMRestClientCacheService" level="info" additivity="false">		
		<appender-ref ref="CONSOLE" />
		<appender-ref ref="FILE" />
	</logger>
	
	<logger name="org.jboss.logging" level="error" additivity="false">		
		<appender-ref ref="CONSOLE" />
		<appender-ref ref="FILE" />
	</logger>
			
	<root level="info">
		<appender-ref ref="CONSOLE" />
		<appender-ref ref="FILE" />
	</root>
</configuration>