<?xml version="1.0" encoding="UTF-8"?>
<configuration debug="true">

	<appender name="API_FILE" class="ch.qos.logback.core.rolling.RollingFileAppender">
		<file>./logs/rasff-api.log</file>
		<append>true</append>
		<rollingPolicy class="ch.qos.logback.core.rolling.TimeBasedRollingPolicy">
			<!-- daily rollover -->
			<fileNamePattern>./logs/rasff-api.%d{yyyy-MM-dd}.log</fileNamePattern>
			<!-- keep 30 days' worth of history capped at 3GB total size -->
			<maxHistory>10</maxHistory>					
		</rollingPolicy>
		<encoder>
			<pattern>%d %-5p [%thread] [%mdc{rasff-user}] [%mdc{notification-id}] [%mdc{user-action}] [%mdc{rasff-transaction-status}] \(%logger:%line\) - %msg%n</pattern>
		</encoder>
	</appender>
	
	<logger name="eu.cec.digit.ecas" level="debug" additivity="false">        
        <appender-ref ref="APP_FILE" />
    </logger>
	
	<logger name="logging.level.org.springframework.web.filter.CommonsRequestLoggingFilter" 
		level="info"
		additivity="false">
		        
        <appender-ref ref="API_FILE"/>
    </logger>

    <logger name="org.hibernate.hql.internal.ast.HqlSqlWalker" level="error" additivity="false">    
    	    
        <appender-ref ref="API_FILE"/>
    </logger>

    <logger name="eu.sanco.rasff.service.setting.cache" level="info" additivity="false">
    	
        <appender-ref ref="API_FILE"/>
    </logger>

    <logger name="eu.sanco.rasff" level="info" additivity="false">
    	
        <appender-ref ref="API_FILE"/>
    </logger>

    <logger name="eu.sanco.rasff.saas.service.saas2" additivity="false">
        <level value="INFO"/>
        <appender-ref ref="API_FILE"/>
    </logger>

    <logger name="eu.europa.ec.sanco.xmlrpc.service" level="info" additivity="false">
        <level value="INFO"/>
        <appender-ref ref="API_FILE"/>
    </logger>

    <logger name="eu.europa.ec.sante.rasff.api.restful.errors" level="info" additivity="false">
        <appender-ref ref="API_FILE"/>
    </logger>

    <logger name="eu.europa.ec.sante.rasff.api.restful.configuration.CORSFilter" level="debug" additivity="false">
        <appender-ref ref="API_FILE"/>
        
    </logger>

    <logger name="eu.europa.ec.sante.rasff.api" level="info" additivity="false">
    	
        <appender-ref ref="API_FILE"/>
    </logger>

    <logger name="eu.sanco.rasff.service.search.lists.converter" level="info" additivity="false">
        <appender-ref ref="API_FILE"/>
    </logger>

    <logger name="eu.europa.ec.sante.rasff.common" level="debug" additivity="false">
        <appender-ref ref="API_FILE"/>
    </logger>

    <logger name="org.springframework" level="info" additivity="false">
        <appender-ref ref="API_FILE"/>
    </logger>

    <logger name="com.fasterxml.jackson" level="info" additivity="false">
        <appender-ref ref="API_FILE"/>
    </logger>
		
	<root level="error">
		<appender-ref ref="API_FILE" />
	</root>
</configuration>