<?xml version="1.0" encoding="UTF-8"?>
<configuration>

	<appender name="CONSOLE" class="ch.qos.logback.core.ConsoleAppender"> 
		<!-- encoders are  by default assigned the type ch.qos.logback.classic.encoder.PatternLayoutEncoder -->
		<encoder>
			<pattern>%d %-5p [%thread] \(%logger:%line\) - %msg%n</pattern>
		</encoder>
	</appender>	
	
	<appender name="FILE" class="ch.qos.logback.core.rolling.RollingFileAppender">
		<file>./logs/rasff-cache.log</file>
		<append>true</append>
		<rollingPolicy class="ch.qos.logback.core.rolling.TimeBasedRollingPolicy">
			<!-- daily rollover -->
			<fileNamePattern>rasff-cache.%d{yyyy-MM-dd}.log</fileNamePattern>
			<!-- keep 30 days' worth of history capped at 3GB total size -->
			<maxHistory>10</maxHistory>					
		</rollingPolicy>
		<encoder>
			<pattern>%d %-5p [%thread] \(%logger:%line\) - %msg%n</pattern>
		</encoder>
	</appender>
	
	<logger name="eu.europa.ec.sante.rasff.cache" level="debug" additivity="false">        
        <appender-ref ref="FILE" />
        <appender-ref ref="CONSOLE" />
    </logger>
    
    
    
    <logger name="eu.europa.ec.sante.rasff.cache.web.security" level="info" additivity="false">        
        <appender-ref ref="FILE" />
        <appender-ref ref="CONSOLE" />
    </logger>
    
    <logger name="eu.europa.ec.sante.rasff.cache.web.controller" level="info" additivity="false">        
        <appender-ref ref="FILE" />
        <appender-ref ref="CONSOLE" />
    </logger>        
    
    <logger name="org.springframework" level="info" additivity="false">        
        <appender-ref ref="FILE" />
        <appender-ref ref="CONSOLE" />
    </logger>
	
	<logger name="org.springframework.boot.autoconfigure" level="error" additivity="false">        
        <appender-ref ref="FILE" />
        <appender-ref ref="CONSOLE" />
    </logger>            
        		
	<root level="debug">
		<appender-ref ref="FILE" />
		<appender-ref ref="CONSOLE" />
	</root>
	
</configuration>