<?xml version="1.0" encoding="UTF-8"?>
<configuration debug="true">	
			
	<appender name="FILE" class="ch.qos.logback.core.rolling.RollingFileAppender">
		<file>./logs/rasff_server.log</file>
		<append>true</append>
		<rollingPolicy class="ch.qos.logback.core.rolling.TimeBasedRollingPolicy">
			<!-- daily rollover -->
			<fileNamePattern>./logs/rasff_server.%d{yyyy-MM-dd}.log</fileNamePattern>
			<!-- keep 30 days' worth of history capped at 3GB total size -->
			<maxHistory>10</maxHistory>						
		</rollingPolicy>
		<encoder>
			<pattern>%d %-5p [%thread] [%mdc{rasff-user}] [%mdc{notification-id}] [%mdc{user-action}] [%mdc{rasff-transaction-status}] \(%logger:%line\) - %msg%n</pattern>
		</encoder>
	</appender>
		
	<appender name="PERFORMANCE_FILE" class="ch.qos.logback.core.rolling.RollingFileAppender">
		<file>./logs/performance.log</file>
		<append>true</append>
		<rollingPolicy class="ch.qos.logback.core.rolling.TimeBasedRollingPolicy">
			<!-- daily rollover -->
			<fileNamePattern>./logs/performance.%d{yyyy-MM-dd}.log</fileNamePattern>
			<!-- keep 30 days' worth of history capped at 3GB total size -->
			<maxHistory>10</maxHistory>				
		</rollingPolicy>
		<encoder>
			<pattern>[%d][%-5p] [%mdc{rasff-user}] [%mdc{notification-id}] [%mdc{user-action}] [%mdc{rasff-transaction-status}] \(%class:%line\) - %msg%n</pattern>
		</encoder>
	</appender> 
	
	<appender name="SEARCH_FILE" class="ch.qos.logback.core.rolling.RollingFileAppender">
		<file>./logs/search.log</file>
		<append>true</append>
		<rollingPolicy class="ch.qos.logback.core.rolling.TimeBasedRollingPolicy">
			<!-- daily rollover -->
			<fileNamePattern>./logs/search.%d{yyyy-MM-dd}.log</fileNamePattern>
			<!-- keep 30 days' worth of history capped at 3GB total size -->
			<maxHistory>10</maxHistory>			
		</rollingPolicy>
		<encoder>
			<pattern>[%d][%-5p][%mdc{rasff-user}] %msg%n</pattern>
		</encoder>
	</appender>
	
	<appender name="MQ_MAIL_FILE" class="ch.qos.logback.core.rolling.RollingFileAppender">
		<file>./logs/mq_mail.log</file>
		<append>true</append>
		<rollingPolicy class="ch.qos.logback.core.rolling.TimeBasedRollingPolicy">
			<!-- daily rollover -->
			<fileNamePattern>./logs/mq_mail.%d{yyyy-MM-dd}.log</fileNamePattern>
			<!-- keep 30 days' worth of history capped at 3GB total size -->
			<maxHistory>10</maxHistory>			
		</rollingPolicy>
		<encoder>
			<pattern>[%d][%-5p][%mdc{mq-system}][%mdc{mq-msg-id}] %msg%n</pattern>
		</encoder>
	</appender>
	
	<appender name="BATCH_REMINDER_FILE" class="ch.qos.logback.core.rolling.RollingFileAppender">
		<file>./logs/batch_reminder_service.log</file>
		<append>true</append>
		<rollingPolicy class="ch.qos.logback.core.rolling.TimeBasedRollingPolicy">
			<!-- daily rollover -->
			<fileNamePattern>./logs/batch_reminder_service.%d{yyyy-MM-dd}.log</fileNamePattern>
			<!-- keep 30 days' worth of history capped at 3GB total size -->
			<maxHistory>10</maxHistory>			
		</rollingPolicy>
		<encoder>
			<pattern>[%d][%-5p][%thread][%mdc{batch-service}][%mdc{not-id}] %msg%n</pattern>
		</encoder>
	</appender>
	
	<appender name="WS_TRACES_FILE" class="ch.qos.logback.core.rolling.RollingFileAppender">
		<file>./logs/ws-traces.log</file>
		<append>true</append>
		<rollingPolicy class="ch.qos.logback.core.rolling.TimeBasedRollingPolicy">
			<!-- daily rollover -->
			<fileNamePattern>./logs/ws-traces.%d{yyyy-MM-dd}.log</fileNamePattern>
			<!-- keep 30 days' worth of history capped at 3GB total size -->
			<maxHistory>10</maxHistory>			
		</rollingPolicy>
		<encoder>
			<pattern>[%d][%-5p][%mdc{ws-traces-system}][%mdc{ws-traces-user}][%mdc{ws-traces-user-action}] %msg%n</pattern>
		</encoder>
	</appender>
	
	<appender name="WS_TRACES_SERVER_FILE" class="ch.qos.logback.core.rolling.RollingFileAppender">
		<file>./logs/ws-traces-server.log</file>
		<append>true</append>
		<rollingPolicy class="ch.qos.logback.core.rolling.TimeBasedRollingPolicy">
			<!-- daily rollover -->
			<fileNamePattern>./logs/ws-traces-server.%d{yyyy-MM-dd}.log</fileNamePattern>
			<!-- keep 30 days' worth of history capped at 3GB total size -->
			<maxHistory>10</maxHistory>			
		</rollingPolicy>
		<encoder>
			<pattern>[%d][%-5p][%mdc{ws-traces-user-action}] %msg%n</pattern>
		</encoder>
	</appender>
	
	<appender name="WS_XMLGATE_FILE" class="ch.qos.logback.core.rolling.RollingFileAppender">
		<file>./logs/ws-xmlgate.log</file>
		<append>true</append>
		<rollingPolicy class="ch.qos.logback.core.rolling.TimeBasedRollingPolicy">
			<!-- daily rollover -->
			<fileNamePattern>./logs/ws-xmlgate.%d{yyyy-MM-dd}.log</fileNamePattern>
			<!-- keep 30 days' worth of history capped at 3GB total size -->
			<maxHistory>10</maxHistory>			
		</rollingPolicy>
		<encoder>
			<pattern>[%d][%-5p][%mdc{ws-xmlgate-flow}] %msg%n</pattern>
		</encoder>
	</appender>
	
	<appender name="ORIGINAL_NOTIFICATION_FILE" class="ch.qos.logback.core.rolling.RollingFileAppender">
		<file>./logs/original_notification.log</file>
		<append></append>
		<append>true</append>
		<rollingPolicy class="ch.qos.logback.core.rolling.TimeBasedRollingPolicy">
			<!-- daily rollover -->
			<fileNamePattern>./logs/original_notification.%d{yyyy-MM-dd}.log</fileNamePattern>
			<!-- keep 30 days' worth of history capped at 3GB total size -->
			<maxHistory>10</maxHistory>			
		</rollingPolicy>
		<encoder>
			<pattern>[%d][%-5p][%thread][%mdc{rasff-user}] [%mdc{notification-id}] [%mdc{user-action}] [%mdc{rasff-transaction-status}] \(%class:%line\) - %msg%n</pattern>
		</encoder>
	</appender>
	
	<appender name="NEW_NOTIFICATION_FILE" class="ch.qos.logback.core.rolling.RollingFileAppender">
		<file>./logs/new_notification.log</file>
		<append>true</append>
		<rollingPolicy class="ch.qos.logback.core.rolling.TimeBasedRollingPolicy">
			<!-- daily rollover -->
			<fileNamePattern>./logs/new_notification.%d{yyyy-MM-dd}.log</fileNamePattern>
			<!-- keep 30 days' worth of history capped at 3GB total size -->
			<maxHistory>10</maxHistory>			
		</rollingPolicy>
		<encoder>
			<pattern>[%d][%-5p][%thread][%mdc{rasff-user}] [%mdc{notification-id}] [%mdc{user-action}] [%mdc{rasff-transaction-status}] \(%class:%line\) - %msg%n</pattern>
		</encoder>
	</appender>
	
	<appender name="DOT_NOTIFICATION_FILE" class="ch.qos.logback.core.rolling.RollingFileAppender">
		<file>./logs/dot_notification.log</file>
		<append>true</append>
		<rollingPolicy class="ch.qos.logback.core.rolling.TimeBasedRollingPolicy">
			<!-- daily rollover -->
			<fileNamePattern>./logs/dot_notification.%d{yyyy-MM-dd}.log</fileNamePattern>
			<!-- keep 30 days' worth of history capped at 3GB total size -->
			<maxHistory>10</maxHistory>			
		</rollingPolicy>
		<encoder>
			<pattern>[%d][%-5p][%thread][%mdc{rasff-user}] [%mdc{notification-id}] [%mdc{user-action}] [%mdc{rasff-transaction-status}] \(%class:%line\) - %msg%n</pattern>
		</encoder>
	</appender>
	
	<appender name="TRANSACTION_FILE" class="ch.qos.logback.core.rolling.RollingFileAppender">
		<file>./logs/transaction.log</file>
		<append>true</append>
		<rollingPolicy class="ch.qos.logback.core.rolling.TimeBasedRollingPolicy">
			<!-- daily rollover -->
			<fileNamePattern>./logs/transaction.%d{yyyy-MM-dd}.log</fileNamePattern>
			<!-- keep 30 days' worth of history capped at 3GB total size -->
			<maxHistory>10</maxHistory>
		</rollingPolicy>
		<encoder>
			<pattern>[%d][%-5p][%thread][%mdc{rasff-user}] [%mdc{notification-id}] [%mdc{user-action}] [%mdc{rasff-transaction-status}] \(%class:%line\) - %msg%n</pattern>
		</encoder>
	</appender>
	
	<appender name="AOP_FILE" class="ch.qos.logback.core.rolling.RollingFileAppender">
		<file>./logs/aop.log</file>
		<append>true</append>
		<rollingPolicy class="ch.qos.logback.core.rolling.TimeBasedRollingPolicy">
			<!-- daily rollover -->
			<fileNamePattern>./logs/aop.%d{yyyy-MM-dd}.log</fileNamePattern>
			<!-- keep 30 days' worth of history capped at 3GB total size -->
			<maxHistory>10</maxHistory>
		</rollingPolicy>
		<encoder>
			<pattern>[%d][%-5p][%thread][%mdc{rasff-user}] [%mdc{notification-id}] [%mdc{user-action}] [%mdc{rasff-transaction-status}] \(%class:%line\) - %msg%n</pattern>
		</encoder>
	</appender>	
		
	<appender name="BEAN_FILE" class="ch.qos.logback.core.rolling.RollingFileAppender">
		<file>./logs/beans.log</file>
		<append>true</append>
		<rollingPolicy class="ch.qos.logback.core.rolling.TimeBasedRollingPolicy">
			<!-- daily rollover -->
			<fileNamePattern>./logs/beans.%d{yyyy-MM-dd}.log</fileNamePattern>
			<!-- keep 30 days' worth of history capped at 3GB total size -->
			<maxHistory>10</maxHistory>
		</rollingPolicy>
		<encoder>
			<pattern>[%d][%-5p][%thread][%mdc{rasff-user}] [%mdc{notification-id}] [%mdc{user-action}] [%mdc{rasff-transaction-status}] \(%class:%line\) - %msg%n</pattern>
		</encoder>
	</appender>					
	
	<appender name="APP_FILE" class="ch.qos.logback.core.rolling.RollingFileAppender">
		<file>./logs/app.log</file>
		<append>true</append>
		<rollingPolicy class="ch.qos.logback.core.rolling.TimeBasedRollingPolicy">
			<!-- daily rollover -->
			<fileNamePattern>./logs/app.%d{yyyy-MM-dd}.log</fileNamePattern>
			<!-- keep 30 days' worth of history capped at 3GB total size -->
			<maxHistory>10</maxHistory>					
		</rollingPolicy>
		<encoder>
			<pattern>[%d][%-5p][%thread][%mdc{rasff-user}] [%mdc{notification-id}] [%mdc{user-action}] [%mdc{rasff-transaction-status}] \(%class:%line\) - %msg%n</pattern>
		</encoder>
	</appender>	
	
	<appender name="SECURITY_FILE" class="ch.qos.logback.core.rolling.RollingFileAppender">
		<file>./logs/security.log</file>
		<append>true</append>
		<rollingPolicy class="ch.qos.logback.core.rolling.TimeBasedRollingPolicy">
			<!-- daily rollover -->
			<fileNamePattern>./logs/security.%d{yyyy-MM-dd}.log</fileNamePattern>
			<!-- keep 30 days' worth of history capped at 3GB total size -->
			<maxHistory>10</maxHistory>					
		</rollingPolicy>
		<encoder>
			<pattern>[%d][%-5p][%thread][%mdc{rasff-user}] [%mdc{notification-id}] [%mdc{user-action}] [%mdc{rasff-transaction-status}] \(%class:%line\) - %msg%n</pattern>
		</encoder>
	</appender>
	
	
	<appender name="WEB_FILE" class="ch.qos.logback.core.rolling.RollingFileAppender">
		<file>./logs/web.log</file>
		<append>true</append>
		<rollingPolicy class="ch.qos.logback.core.rolling.TimeBasedRollingPolicy">
			<!-- daily rollover -->
			<fileNamePattern>./logs/web.%d{yyyy-MM-dd}.log</fileNamePattern>
			<!-- keep 30 days' worth of history capped at 3GB total size -->
			<maxHistory>10</maxHistory>					
		</rollingPolicy>
		<encoder>
			<pattern>[%d][%-5p][%thread][%mdc{rasff-user}] [%mdc{notification-id}] [%mdc{user-action}] [%mdc{rasff-transaction-status}] \(%class:%line\) - %msg%n</pattern>
		</encoder>
	</appender>		
	
	<appender name="MAIL_FILE" class="ch.qos.logback.core.rolling.RollingFileAppender">
		<file>./logs/rasff_mails.log</file>
		<append>true</append>
		<rollingPolicy class="ch.qos.logback.core.rolling.TimeBasedRollingPolicy">
			<!-- daily rollover -->
			<fileNamePattern>./logs/rasff_mails.%d{yyyy-MM-dd}.log</fileNamePattern>
			<!-- keep 30 days' worth of history capped at 3GB total size -->
			<maxHistory>10</maxHistory>			
		</rollingPolicy>
		<encoder>
			<pattern>[%d][%-5p][%thread][%mdc{rasff-user}] [%mdc{notification-id}] [%mdc{user-action}] [%mdc{rasff-transaction-status}] \(%class:%line\) - %msg%n</pattern>
		</encoder>
	</appender>
	
	<appender name="LOGIN_FILE" class="ch.qos.logback.core.rolling.RollingFileAppender">
		<file>./logs/rasff_login.log</file>
		<append>true</append>
		<rollingPolicy class="ch.qos.logback.core.rolling.TimeBasedRollingPolicy">
			<!-- daily rollover -->
			<fileNamePattern>./logs/rasff_login.%d{yyyy-MM-dd}.log</fileNamePattern>
			<!-- keep 30 days' worth of history capped at 3GB total size -->
			<maxHistory>10</maxHistory>			
		</rollingPolicy>
		<encoder>
			<pattern>[%date{ISO8601}] [%-5p] \(%class:%line\) - %msg%n</pattern>
		</encoder>
	</appender>
	
	<appender name="INCONSISTENCY_FILE" class="ch.qos.logback.core.rolling.RollingFileAppender">
		<file>./logs/rasff_inconsistencies.log</file>
		<append>true</append>
		<rollingPolicy class="ch.qos.logback.core.rolling.TimeBasedRollingPolicy">
			<!-- daily rollover -->
			<fileNamePattern>./logs/rasff_inconsistencies.%d{yyyy-MM-dd}.log</fileNamePattern>
			<!-- keep 30 days' worth of history capped at 3GB total size -->
			<maxHistory>10</maxHistory>			
		</rollingPolicy>
		<encoder>
			<pattern>[%d][%-5p][%thread][%mdc{rasff-user}] [%mdc{notification-id}] [%mdc{user-action}] [%mdc{rasff-transaction-status}] \(%class:%line\) - %msg%n</pattern>
		</encoder>
	</appender>
	
	<appender name="AVAILABLE_ACTIONS_FILE" class="ch.qos.logback.core.rolling.RollingFileAppender">
		<file>./logs/available_actions_file.log</file>
		<append>true</append>
		<rollingPolicy class="ch.qos.logback.core.rolling.TimeBasedRollingPolicy">
			<!-- daily rollover -->
			<fileNamePattern>./logs/available_actions_file.%d{yyyy-MM-dd}.log</fileNamePattern>
			<!-- keep 30 days' worth of history capped at 3GB total size -->
			<maxHistory>10</maxHistory>			
		</rollingPolicy>
		<encoder>
			<pattern>[%d][%-5p][%mdc{rasff-user}] [%mdc{notification-id}] [%mdc{user-action}] [%mdc{rasff-transaction-status}] \(%class:%line\) - %msg%n</pattern>
		</encoder>
	</appender>
	
	
	<appender name="USER_ACTIVITY_FILE" class="ch.qos.logback.core.rolling.RollingFileAppender">
		<file>./logs/user_activity_file.csv</file>
		<append>true</append>
		<rollingPolicy class="ch.qos.logback.core.rolling.TimeBasedRollingPolicy">
			<!-- daily rollover -->
			<fileNamePattern>./logs/available_actions_file.%d{yyyy-MM-dd}.log</fileNamePattern>
			<!-- keep 30 days' worth of history capped at 3GB total size -->
			<maxHistory>10</maxHistory>			
		</rollingPolicy>
		<encoder class="ch.qos.logback.core.encoder.LayoutWrappingEncoder">
		    <layout class="eu.sanco.rasff.web.utils.RasffPatternLayoutWithCSVHeader">
		    	<filePath>./logs/user_activity_file.csv</filePath>
		        <header>Date,Time,Login,Member,Region,Profile,Notification,Action,Command</header>
		        <pattern>%d{dd/MMM/yyyy},%d{HH:mm:ss,SSS},%mdc{activity-user-login},%mdc{activity-user-member},%mdc{activity-user-region},%mdc{activity-user-profile},%mdc{notification-id},%mdc{user-action},%msg%n</pattern>
		    </layout>
		</encoder>
	</appender>
	
	<appender name="EXPORT_FILE" class="ch.qos.logback.core.rolling.RollingFileAppender">
		<file>./logs/export.log</file>
		<append>true</append>
		<rollingPolicy class="ch.qos.logback.core.rolling.TimeBasedRollingPolicy">
			<!-- daily rollover -->
			<fileNamePattern>./logs/export.%d{yyyy-MM-dd}.log</fileNamePattern>
			<!-- keep 30 days' worth of history capped at 3GB total size -->
			<maxHistory>10</maxHistory>			
		</rollingPolicy>
		<encoder>
			<pattern>[%d][%-5p][%thread][%mdc{rasff-user}] [%mdc{notification-id}] [%mdc{user-action}] [%mdc{rasff-transaction-status}] \(%class:%line\) - %msg%n</pattern>			
		</encoder>
	</appender>
	
	<appender name="CACHE_FILE" class="ch.qos.logback.core.rolling.RollingFileAppender">
		<file>./logs/cache.log</file>
		<append>true</append>
		<rollingPolicy class="ch.qos.logback.core.rolling.TimeBasedRollingPolicy">
			<!-- daily rollover -->
			<fileNamePattern>./logs/cache.%d{yyyy-MM-dd}.log</fileNamePattern>
			<!-- keep 30 days' worth of history capped at 3GB total size -->
			<maxHistory>10</maxHistory>			
		</rollingPolicy>
		<encoder>
			<pattern>[%d][%-5p][%thread][%mdc{rasff-user}] [%mdc{notification-id}] [%mdc{user-action}] [%mdc{rasff-transaction-status}] \(%class:%line\) - %msg%n</pattern>			
		</encoder>
	</appender>
		
	<logger name="org.springframework.cache" level="trace" additivity="false">    	    	
    	<appender-ref ref="CACHE_FILE" />
    </logger>
	
	<logger name="eu.cec.digit.ecas" level="info" additivity="false">        
        <appender-ref ref="APP_FILE" />
    </logger>
    
    <logger name="org.springframework" level="info" additivity="false">       
        <appender-ref ref="APP_FILE" />
    </logger>
    
    <logger name="org.hibernate" level="info" additivity="false">       
        <appender-ref ref="APP_FILE" />
    </logger>
    
    <logger name="org.displaytag" level="warn" additivity="false">       
        <appender-ref ref="FILE" />
    </logger>
    
    <logger name="org.apache" level="warn" additivity="false">       
        <appender-ref ref="APP_FILE" />
    </logger>
    
    <logger name="eu.sanco.gras.channelSender" level="warn" additivity="false">       
        <appender-ref ref="APP_FILE" />
    </logger>
    
    <logger name="eu.sanco.gras.services.impl.ExceptionHandlingAdvice" level="warn" additivity="false">       
        <appender-ref ref="APP_FILE" />
    </logger>
    
    <logger name="eu.sanco.rasff.utils.JavaUtils" level="warn" additivity="false">       
        <appender-ref ref="INCONSISTENCY_FILE" />
    </logger>
    
    <logger name="eu.sanco.rasff.notification.tree.alg.CoexistenceBinding" level="warn" additivity="false">       
        <appender-ref ref="INCONSISTENCY_FILE" />
    </logger>
    
    <logger name="eu.sanco.rasff.notification.tree.alg.NcWrapperConsolidationService" level="debug" additivity="false">        
        <appender-ref ref="CONSOLE" />
        <appender-ref ref="PERFORMANCE_FILE" />
    </logger>	
	
    <logger name="eu.europa.ec.sante.rasff.cache.client.rest.AbstractRestClientImpl" level="debug" additivity="false">        
        <appender-ref ref="CONSOLE" />
        <appender-ref ref="PERFORMANCE_FILE" />
    </logger>	
	
    <logger name="eu.sanco.rasff.service.setting.cache.CacheSettings" level="info" additivity="false">        
        <appender-ref ref="APP_FILE" />
    </logger>
    
    <logger name="net.bull" level="warn" additivity="false">       
        <appender-ref ref="FILE" />
    </logger>
    
    <logger name="org.quartz" level="warn" additivity="false">       
        <appender-ref ref="FILE" />
    </logger>
    
    <logger name="net.sf" level="warn" additivity="false">       
        <appender-ref ref="FILE" />
    </logger>
    
    <logger name="eu.sanco.rasff.web.context.RequestInterceptor" level="debug" additivity="false">        
        <appender-ref ref="APP_FILE" />
    </logger>
    
    <logger name="eu.sanco.rasff.web.context.ProfileInterceptor" level="debug" additivity="false">        
        <appender-ref ref="APP_FILE" />
    </logger>
    
    <logger name="eu.sanco.rasff.web.utils.DotNotationModelVisitorFormatter" level="warn" additivity="false">       
        <appender-ref ref="DOT_NOTIFICATION_FILE" />
    </logger>
    
    <logger name="eu.sanco.rasff.web.utils.TransactionProfiler" level="info" additivity="false">        
        <appender-ref ref="APP_FILE" />
    </logger>
    
    <logger name="eu.sante.rasff.email.service.MailSenderMock" level="info" additivity="false">       
        <appender-ref ref="MQ_MAIL_FILE" />
    </logger>
    
    <logger name="eu.sanco.rasff.utils.SettingsPopulator" level="warn" additivity="false">       
        <appender-ref ref="APP_FILE" />
    </logger>
    
    <logger name="eu.sanco.component.service.Builder" level="warn" additivity="false">       
        <appender-ref ref="APP_FILE" />
    </logger>

    <logger name="org.springframework.aop" level="warn" additivity="false">
        <appender-ref ref="AOP_FILE" />
    </logger>
    
    <logger name="org.springframework.beans" level="info" additivity="false">        
        <appender-ref ref="BEAN_FILE" />
    </logger>
    
    <logger name="org.springframework.web" level="info" additivity="false">        
        <appender-ref ref="WEB_FILE" />
    </logger>
    
    <logger name="eu.sanco" level="info" additivity="false">        
        <appender-ref ref="APP_FILE" />
    </logger>

    <logger name="eu.sanco.rasff" level="info" additivity="false">       
        <appender-ref ref="APP_FILE" />
    </logger>

    <logger name="eu.sanco.rasff.service.search.lists" level="warn" additivity="false">       
        <appender-ref ref="APP_FILE" />
    </logger>

    <logger name="eu.sante.rasff.ws.integration.xmlgate.handler" level="info" additivity="false">        
        <appender-ref ref="WS_XMLGATE_FILE" />
    </logger>

    <logger name="eu.sante.rasff.ws.integration.traces" level="debug" additivity="false">        
        <appender-ref ref="WS_TRACES_FILE" />
    </logger>

    <logger name="eu.sanco.rasff.saas.service.saas2" level="debug" additivity="false">        
        <appender-ref ref="APP_FILE" />
    </logger>
    
    <logger name="eu.sante.rasff" level="debug" additivity="false">        
        <appender-ref ref="APP_FILE" />
    </logger>
    
    <logger name="eu.sanco.rasff.services.impl" level="debug" additivity="false">
        <appender-ref ref="APP_FILE" />
    </logger>

    <logger name="eu.sanco.gras.osworkflow.functions.ras" level="info" additivity="false">        
        <appender-ref ref="APP_FILE" />
    </logger>
    
    <logger name="eu.sanco.gras.dao.impl.HibernateAclExtendedDao" level="info" additivity="false">        
        <appender-ref ref="APP_FILE" />
    </logger>
    
    <logger name="eu.sanco.rasff.service.notification.impl.OriginalNotificationReportServiceImpl" level="info" additivity="false">        
        <appender-ref ref="APP_FILE" />
    </logger>

    <logger name="eu.sanco.gras.osworkflow.functions" level="info" additivity="false">        
        <appender-ref ref="APP_FILE" />
    </logger>

    <logger name="com.opensymphony.workflow" level="info" additivity="false">        
        <appender-ref ref="APP_FILE" />
    </logger>

    <logger name="eu.sanco.rasff.web.controllers.LoginCasController" level="info" additivity="false">        
        <appender-ref ref="FILE" />
    </logger>

    <logger name="eu.sanco.rasff.saas.*" level="info" additivity="false">        
        <appender-ref ref="APP_FILE" />
    </logger>

    <logger name="eu.sanco.rasff.web.context.SessionListener" level="info" additivity="false">        
        <appender-ref ref="FILE" />
    </logger>

    <logger name="eu.sanco.rasff.web.context.UserSessionControllerInterceptor" level="info" additivity="false">        
        <appender-ref ref="FILE" />
    </logger>

    <logger name="eu.sante.rasff.ws.integration.server.traces.adapter.service.TracesAdapterServiceImpl" level="info" additivity="false">        
        <appender-ref ref="WS_TRACES_FILE" />
    </logger>

    <logger name="eu.sante.rasff.ws.integration.server.traces.endpoint.interceptor.LogMessageTracesHeaderInterceptor" 
    	level="debug" additivity="false">
        <appender-ref ref="WS_TRACES_SERVER_FILE" />
    </logger>

    <logger name="eu.sante.rasff.mq.inbound.mail.service" level="info" additivity="false">        
        <appender-ref ref="MQ_MAIL_FILE" />
    </logger>

    <logger name="eu.sante.rasff.core.mail" level="debug" additivity="false">
        <appender-ref ref="MQ_MAIL_FILE" />
    </logger>

    <logger name="eu.sante.rasff.core.batch.notification.service.NotificationSuspensionReminderServiceImpl" 
    	level="info" additivity="false">        
        <appender-ref ref="BATCH_REMINDER_FILE" />
    </logger>
    
    <logger name="eu.sante.rasff.core.service.OrchestratorServiceImpl" level="debug" additivity="false">        
        <appender-ref ref="AVAILABLE_ACTIONS_FILE" />
    </logger>
    
    <logger name="eu.sanco.rasff.web.controllers.controller.action.ActionProcessor" level="debug" additivity="false">
        <appender-ref ref="USER_ACTIVITY_FILE" />
    </logger>
    
    <logger name="eu.sanco.rasff.web.controllers.helper.notification.AbstractNotificationEditControllerHelper" 
    	level="debug" additivity="false">        
        <appender-ref ref="USER_ACTIVITY_FILE" />
    </logger>
    
    <logger name="eu.sanco.rasff.web.controllers.helper.notification.NotificationViewM2ControllerHelper" 
    	level="debug" additivity="false">        
        <appender-ref ref="USER_ACTIVITY_FILE" />
    </logger>

    <logger name="org.apache.ibatis" level="warn" additivity="false">
        <appender-ref ref="APP_FILE" />
    </logger>

    <logger name="org.activiti" level="warn" additivity="false">
        <appender-ref ref="APP_FILE" />
    </logger>

    <logger name="org.camunda" level="warn" additivity="false">
        <appender-ref ref="APP_FILE" />
    </logger>

    <logger name="eu.sante.rasff.core.export" level="info" additivity="false">        
        <appender-ref ref="EXPORT_FILE" />
    </logger>

    <logger name="eu.sante.rasff.web.service" level="debug" additivity="false">
        <appender-ref ref="FILE" />
        <appender-ref ref="PERFORMANCE_FILE" />
    </logger>

    <!-- PERFORMANCE TRACKING:start -->
    <logger name="eu.sante.rasff.core.notification.service" level="debug" additivity="false">        
        <appender-ref ref="PERFORMANCE_FILE" />
    </logger>

    <logger name="eu.sante.rasff.activiti.accessibility.service" level="debug" additivity="false">
        <appender-ref ref="PERFORMANCE_FILE" />
    </logger>

    <logger name="eu.sante.rasff.domain.workflow.service" level="debug" additivity="false">
        <appender-ref ref="PERFORMANCE_FILE" />
    </logger>

    <logger name="eu.sanco.rasff.web.controllers.controller.action" level="debug" additivity="false">        
        <appender-ref ref="PERFORMANCE_FILE" />
    </logger>
    <!-- PERFORMANCE TRACKING:end -->

    <!-- SEARCH TRACKING:start -->
    <logger name="eu.sanco.rasff.web.controllers.controller.lists.command.SearchCommand" level="info" additivity="false">        
        <appender-ref ref="SEARCH_FILE" />
    </logger>
	
	<root level="info">
		<appender-ref ref="FILE" />
        <appender-ref ref="PERFORMANCE_FILE" />
        <appender-ref ref="SEARCH_FILE" />
        <appender-ref ref="MQ_MAIL_FILE" />
        <appender-ref ref="BATCH_REMINDER_FILE" />
        <appender-ref ref="WS_TRACES_FILE" />
        <appender-ref ref="WS_TRACES_SERVER_FILE" />
        <appender-ref ref="WS_XMLGATE_FILE" />
        <appender-ref ref="ORIGINAL_NOTIFICATION_FILE" />
        <appender-ref ref="NEW_NOTIFICATION_FILE" />
        <appender-ref ref="DOT_NOTIFICATION_FILE" />
        <appender-ref ref="TRANSACTION_FILE" />
        <appender-ref ref="AOP_FILE" />
        <appender-ref ref="BEAN_FILE" />
        <appender-ref ref="APP_FILE" />
        <appender-ref ref="SECURITY_FILE" />
        <appender-ref ref="WEB_FILE" />
        <appender-ref ref="MAIL_FILE" />
        <appender-ref ref="LOGIN_FILE" />
        <appender-ref ref="INCONSISTENCY_FILE" />
        <appender-ref ref="AVAILABLE_ACTIONS_FILE" />
        <appender-ref ref="USER_ACTIVITY_FILE" />
        <appender-ref ref="EXPORT_FILE" />
        <appender-ref ref="CACHE_FILE" />        
	</root>
</configuration>